date,fuel,generation
2015-01-01,COL,260238813.788
2015-01-01,DFO,1400101.85
2015-01-01,GEO,2723829.72
2015-01-01,HPS,-1102100.0
2015-01-01,HYC,48274679.034
2015-01-01,MLG,2932755.986
2015-01-01,NG,197260752.214
2015-01-01,NUC,148539948.0
2015-01-01,OOG,2467924.056
2015-01-01,ORW,503911.23
2015-01-01,OTH,2218669.392
2015-01-01,PC,2091189.228
2015-01-01,RFO,2061524.704
2015-01-01,SUN,2302666.958
2015-01-01,WND,30317926.148
2015-01-01,WOC,1854703.71
2015-01-01,WOO,353337.084
2015-01-01,WWW,7310635.552
2015-02-01,COL,247213817.75800002
2015-02-01,DFO,4256205.408
2015-02-01,GEO,2520198.27
2015-02-01,HPS,-912120.0
2015-02-01,HYC,44570572.354
2015-02-01,MLG,2573490.372
2015-02-01,NG,180279727.72800002
2015-02-01,NUC,126922986.0
2015-02-01,OOG,2027943.154
2015-02-01,ORW,448621.06799999997
2015-02-01,OTH,1949490.66
2015-02-01,PC,2199971.462
2015-02-01,RFO,4989167.0600000005
2015-02-01,SUN,2892225.93
2015-02-01,WND,29835782.438
2015-02-01,WOC,1787921.954
2015-02-01,WOO,970003.53
2015-02-01,WWW,6655535.794
2015-03-01,COL,215598211.228
2015-03-01,DFO,882440.982
2015-03-01,GEO,2787988.704
2015-03-01,HPS,-818610.0
2015-03-01,HYC,48559690.656
2015-03-01,MLG,2913500.482
2015-03-01,NG,197422669.952
2015-03-01,NUC,129093598.0
2015-03-01,OOG,2159106.81
2015-03-01,ORW,498450.314
2015-03-01,OTH,2094276.786
2015-03-01,PC,1434236.176
2015-03-01,RFO,1055232.712
2015-03-01,SUN,4130261.5
2015-03-01,WND,30608937.048
2015-03-01,WOC,1174167.86
2015-03-01,WOO,152137.974
2015-03-01,WWW,6821204.068
2015-04-01,COL,177044518.912
2015-04-01,DFO,681771.552
2015-04-01,GEO,2544855.644
2015-04-01,HPS,-428822.0
2015-04-01,HYC,44939655.972
2015-04-01,MLG,2971990.048
2015-04-01,NG,184602945.34
2015-04-01,NUC,119568990.0
2015-04-01,OOG,1937220.732
2015-04-01,ORW,473727.304
2015-04-01,OTH,2181702.64
2015-04-01,PC,1618310.162
2015-04-01,RFO,1007395.952
2015-04-01,SUN,4740835.978
2015-04-01,WND,35724554.042
2015-04-01,WOC,906680.61
2015-04-01,WOO,145740.534
2015-04-01,WWW,6402772.34
2015-05-01,COL,207878669.224
2015-05-01,DFO,907782.686
2015-05-01,GEO,2780301.884
2015-05-01,HPS,-740418.0
2015-05-01,HYC,40249182.51
2015-05-01,MLG,3119805.724
2015-05-01,NG,202052659.678
2015-05-01,NUC,131653050.0
2015-05-01,OOG,2175566.708
2015-05-01,ORW,464105.04
2015-05-01,OTH,2358591.58
2015-05-01,PC,1843152.48
2015-05-01,RFO,949513.484
2015-05-01,SUN,4973175.754
2015-05-01,WND,34292042.25
2015-05-01,WOC,1260213.836
2015-05-01,WOO,172992.214
2015-05-01,WWW,6583913.25
2015-06-01,COL,249550336.568
2015-06-01,DFO,843264.624
2015-06-01,GEO,2603215.342
2015-06-01,HPS,-795622.0
2015-06-01,HYC,40753584.942
2015-06-01,MLG,3065703.532
2015-06-01,NG,241543843.008
2015-06-01,NUC,137032330.0
2015-06-01,OOG,2212778.752
2015-06-01,ORW,489051.486
2015-06-01,OTH,2363627.796
2015-06-01,PC,1641025.434
2015-06-01,RFO,1066145.7
2015-06-01,SUN,5095499.756
2015-06-01,WND,26833545.278
2015-06-01,WOC,1530561.502
2015-06-01,WOO,166090.906
2015-06-01,WWW,6899155.054
2015-07-01,COL,275303605.856
2015-07-01,DFO,800225.802
2015-07-01,GEO,2713454.232
2015-07-01,HPS,-1026834.0
2015-07-01,HYC,42026255.198
2015-07-01,MLG,3391128.692
2015-07-01,NG,280730648.798
2015-07-01,NUC,142824352.0
2015-07-01,OOG,2408012.148
2015-07-01,ORW,571871.768
2015-07-01,OTH,2575869.062
2015-07-01,PC,2206758.626
2015-07-01,RFO,1395451.132
2015-07-01,SUN,5231306.03
2015-07-01,WND,27341715.706
2015-07-01,WOC,1525418.054
2015-07-01,WOO,196974.654
2015-07-01,WWW,7512689.404
2015-08-01,COL,267656501.69
2015-08-01,DFO,778046.416
2015-08-01,GEO,2688285.424
2015-08-01,HPS,-1251756.0
2015-08-01,HYC,38242410.768
2015-08-01,MLG,3265132.642
2015-08-01,NG,276879781.098
2015-08-01,NUC,144830704.0
2015-08-01,OOG,2366780.022
2015-08-01,ORW,563451.696
2015-08-01,OTH,2590019.008
2015-08-01,PC,2080929.702
2015-08-01,RFO,1241185.35
2015-08-01,SUN,5352191.806
2015-08-01,WND,26151888.454
2015-08-01,WOC,1654403.834
2015-08-01,WOO,162746.916
2015-08-01,WWW,7478550.0
2015-09-01,COL,234369877.556
2015-09-01,DFO,709199.514
2015-09-01,GEO,2405722.892
2015-09-01,HPS,-1088084.0
2015-09-01,HYC,32186806.036
2015-09-01,MLG,3074549.188
2015-09-01,NG,244011395.734
2015-09-01,NUC,132952744.0
2015-09-01,OOG,2396833.23
2015-09-01,ORW,523080.672
2015-09-01,OTH,2354599.2939999998
2015-09-01,PC,2056173.448
2015-09-01,RFO,1093923.898
2015-09-01,SUN,4415520.304
2015-09-01,WND,27882592.362
2015-09-01,WOC,1571384.29
2015-09-01,WOO,204757.35
2015-09-01,WWW,6811933.48
2015-10-01,COL,192589786.696
2015-10-01,DFO,686408.954
2015-10-01,GEO,2646064.45
2015-10-01,HPS,-886654.0
2015-10-01,HYC,33259005.783999998
2015-10-01,MLG,3108187.156
2015-10-01,NG,218495554.23
2015-10-01,NUC,121141842.0
2015-10-01,OOG,1792381.578
2015-10-01,ORW,564553.1
2015-10-01,OTH,2402401.7
2015-10-01,PC,1653321.318
2015-10-01,RFO,1023671.324
2015-10-01,SUN,3801940.386
2015-10-01,WND,32752942.626
2015-10-01,WOC,899887.148
2015-10-01,WOO,175072.418
2015-10-01,WWW,6357458.466
2015-11-01,COL,171501320.544
2015-11-01,DFO,802671.294
2015-11-01,GEO,2667256.502
2015-11-01,HPS,-570552.0
2015-11-01,HYC,38673483.012
2015-11-01,MLG,3223342.914
2015-11-01,NG,202575492.28
2015-11-01,NUC,120527882.0
2015-11-01,OOG,1781785.936
2015-11-01,ORW,566438.282
2015-11-01,OTH,2386649.166
2015-11-01,PC,1430607.252
2015-11-01,RFO,1082906.1099999999
2015-11-01,SUN,3433508.372
2015-11-01,WND,39354532.65
2015-11-01,WOC,1437007.262
2015-11-01,WOO,91908.42
2015-11-01,WWW,6732798.06
2015-12-01,COL,177572941.852
2015-12-01,DFO,825987.9
2015-12-01,GEO,2753976.936
2015-12-01,HPS,-561404.0
2015-12-01,HYC,46328343.02
2015-12-01,MLG,3340631.952
2015-12-01,NG,216284947.236
2015-12-01,NUC,139267328.0
2015-12-01,OOG,2192987.502
2015-12-01,ORW,583301.07
2015-12-01,OTH,2448473.2739999997
2015-12-01,PC,1498796.912
2015-12-01,RFO,955382.648
2015-12-01,SUN,3121710.286
2015-12-01,WND,40184884.798
2015-12-01,WOC,1388391.162
2015-12-01,WOO,110833.82800000001
2015-12-01,WWW,7078259.596
2016-01-01,COL,224948754.81
2016-01-01,DFO,1360751.5
2016-01-01,GEO,2664012.1859999998
2016-01-01,HPS,-623516.0
2016-01-01,HYC,51229084.672
2016-01-01,MLG,3035784.698
2016-01-01,NG,219421637.292
2016-01-01,NUC,145049550.0
2016-01-01,OOG,2389699.804
2016-01-01,ORW,553315.12
2016-01-01,OTH,2274449.74
2016-01-01,PC,1931403.9880000001
2016-01-01,RFO,1226494.064
2016-01-01,SUN,2961346.25
2016-01-01,WND,36924257.317999996
2016-01-01,WOC,1970005.026
2016-01-01,WOO,198172.59
2016-01-01,WWW,7200239.196
2016-02-01,COL,183715503.95
2016-02-01,DFO,1021647.314
2016-02-01,GEO,2486767.612
2016-02-01,HPS,-797116.0
2016-02-01,HYC,48278030.958000004
2016-02-01,MLG,2846559.452
2016-02-01,NG,197360086.47
2016-02-01,NUC,131276282.0
2016-02-01,OOG,2123116.45
2016-02-01,ORW,570046.164
2016-02-01,OTH,2053422.312
2016-02-01,PC,1820198.24
2016-02-01,RFO,1358142.658
2016-02-01,SUN,4464314.324
2016-02-01,WND,40267465.214
2016-02-01,WOC,1694112.266
2016-02-01,WOO,218617.12
2016-02-01,WWW,6812665.468
2016-03-01,COL,142853505.178
2016-03-01,DFO,767083.376
2016-03-01,GEO,2630317.324
2016-03-01,HPS,-768134.0
2016-03-01,HYC,54779754.386
2016-03-01,MLG,3057392.598
2016-03-01,NG,207849530.8
2016-03-01,NUC,132297788.0
2016-03-01,OOG,2394706.546
2016-03-01,ORW,561042.926
2016-03-01,OTH,2149248.4899999998
2016-03-01,PC,1853586.398
2016-03-01,RFO,828707.716
2016-03-01,SUN,5217356.828
2016-03-01,WND,43864759.346
2016-03-01,WOC,1491548.65
2016-03-01,WOO,152732.626
2016-03-01,WWW,6805666.302
2016-04-01,COL,143140288.622
2016-04-01,DFO,709027.006
2016-04-01,GEO,2417939.67
2016-04-01,HPS,-903756.0
2016-04-01,HYC,51756057.544
2016-04-01,MLG,3048269.826
2016-04-01,NG,197929561.614
2016-04-01,NUC,125463690.0
2016-04-01,OOG,2264001.424
2016-04-01,ORW,574699.3859999999
2016-04-01,OTH,2188458.354
2016-04-01,PC,2012100.39
2016-04-01,RFO,843941.744
2016-04-01,SUN,5740618.628
2016-04-01,WND,41586140.71
2016-04-01,WOC,1085435.058
2016-04-01,WOO,113030.572
2016-04-01,WWW,5934009.532
2016-05-01,COL,162047406.08
2016-05-01,DFO,926507.828
2016-05-01,GEO,2683680.834
2016-05-01,HPS,-641434.0
2016-05-01,HYC,50972762.848
2016-05-01,MLG,3257533.904
2016-05-01,NG,221017597.196
2016-05-01,NUC,133152986.0
2016-05-01,OOG,2106633.072
2016-05-01,ORW,560487.982
2016-05-01,OTH,2356300.414
2016-05-01,PC,1947526.4780000001
2016-05-01,RFO,911321.274
2016-05-01,SUN,6828401.206
2016-05-01,WND,37681019.406
2016-05-01,WOC,1341614.504
2016-05-01,WOO,130952.098
2016-05-01,WWW,6374255.066
2016-06-01,COL,230543759.54
2016-06-01,DFO,765108.154
2016-06-01,GEO,2502785.318
2016-06-01,HPS,-994606.0
2016-06-01,HYC,46473734.782
2016-06-01,MLG,3094966.732
2016-06-01,NG,263024460.0
2016-06-01,NUC,134350648.0
2016-06-01,OOG,2086437.814
2016-06-01,ORW,493965.86
2016-06-01,OTH,2328078.812
2016-06-01,PC,2009179.6639999999
2016-06-01,RFO,1023156.478
2016-06-01,SUN,6925356.122
2016-06-01,WND,32594387.056
2016-06-01,WOC,1525009.18
2016-06-01,WOO,156133.828
2016-06-01,WWW,6827125.312
2016-07-01,COL,270667785.914
2016-07-01,DFO,842003.824
2016-07-01,GEO,2622430.596
2016-07-01,HPS,-1567788.0
2016-07-01,HYC,42910641.86
2016-07-01,MLG,3156297.122
2016-07-01,NG,302648016.532
2016-07-01,NUC,140698694.0
2016-07-01,OOG,2153703.642
2016-07-01,ORW,524519.154
2016-07-01,OTH,2415456.738
2016-07-01,PC,2097669.066
2016-07-01,RFO,1555427.102
2016-07-01,SUN,7866223.534
2016-07-01,WND,35221322.546
2016-07-01,WOC,1965082.274
2016-07-01,WOO,147998.548
2016-07-01,WWW,7315395.924
2016-08-01,COL,269286036.588
2016-08-01,DFO,816288.496
2016-08-01,GEO,2648527.286
2016-08-01,HPS,-1804136.0
2016-08-01,HYC,39139098.28
2016-08-01,MLG,3150771.546
2016-08-01,NG,309827670.65
2016-08-01,NUC,143052810.0
2016-08-01,OOG,2127844.812
2016-08-01,ORW,569847.23
2016-08-01,OTH,2460742.136
2016-08-01,PC,2155794.448
2016-08-01,RFO,1497364.864
2016-08-01,SUN,7915320.064
2016-08-01,WND,27168504.066
2016-08-01,WOC,1983430.856
2016-08-01,WOO,201477.476
2016-08-01,WWW,7444471.568
2016-09-01,COL,226889514.306
2016-09-01,DFO,709125.576
2016-09-01,GEO,2653351.7
2016-09-01,HPS,-1430700.0
2016-09-01,HYC,32735368.054
2016-09-01,MLG,2968864.498
2016-09-01,NG,251345932.66
2016-09-01,NUC,130896352.0
2016-09-01,OOG,2040657.04
2016-09-01,ORW,544408.194
2016-09-01,OTH,2302939.132
2016-09-01,PC,1959997.324
2016-09-01,RFO,1028530.92
2016-09-01,SUN,7249851.004
2016-09-01,WND,32799164.102
2016-09-01,WOC,1386022.626
2016-09-01,WOO,154615.224
2016-09-01,WWW,6814715.652
2016-10-01,COL,197537245.426
2016-10-01,DFO,695887.376
2016-10-01,GEO,2706334.834
2016-10-01,HPS,-1121540.0
2016-10-01,HYC,34677713.082
2016-10-01,MLG,2856331.342
2016-10-01,NG,205776611.298
2016-10-01,NUC,121466686.0
2016-10-01,OOG,1826487.054
2016-10-01,ORW,529876.424
2016-10-01,OTH,2185162.492
2016-10-01,PC,1269524.68
2016-10-01,RFO,1094462.148
2016-10-01,SUN,6365073.432
2016-10-01,WND,40660704.002
2016-10-01,WOC,850642.118
2016-10-01,WOO,82880.62
2016-10-01,WWW,6352165.56
2016-11-01,COL,172722566.104
2016-11-01,DFO,1123313.53
2016-11-01,GEO,2727699.374
2016-11-01,HPS,-1213790.0
2016-11-01,HYC,37616530.566
2016-11-01,MLG,3190326.066
2016-11-01,NG,187812362.26
2016-11-01,NUC,130357552.0
2016-11-01,OOG,2026652.28
2016-11-01,ORW,592171.166
2016-11-01,OTH,2184628.466
2016-11-01,PC,1597387.206
2016-11-01,RFO,881227.482
2016-11-01,SUN,5520125.324
2016-11-01,WND,38803790.742
2016-11-01,WOC,1158358.968
2016-11-01,WOO,136216.144
2016-11-01,WWW,6782444.224
2016-12-01,COL,235692521.284
2016-12-01,DFO,1065052.366
2016-12-01,GEO,2907767.266
2016-12-01,HPS,-1505738.0
2016-12-01,HYC,45055529.118
2016-12-01,MLG,3302016.652
2016-12-01,NG,192813304.75
2016-12-01,NUC,143324858.0
2016-12-01,OOG,2074923.48
2016-12-01,ORW,586967.7019999999
2016-12-01,OTH,2266742.44
2016-12-01,PC,1738735.474
2016-12-01,RFO,1070802.278
2016-12-01,SUN,4835969.724
2016-12-01,WND,46281260.632
2016-12-01,WOC,1801162.44
2016-12-01,WOO,196222.37
2016-12-01,WWW,7230897.234
2017-01-01,COL,228743025.712
2017-01-01,DFO,992262.912
2017-01-01,GEO,2801284.142
2017-01-01,HPS,-870732.0
2017-01-01,HYC,53254820.316
2017-01-01,MLG,3231833.624
2017-01-01,NG,190801052.844
2017-01-01,NUC,146241224.0
2017-01-01,OOG,2093127.7959999999
2017-01-01,ORW,562948.55
2017-01-01,OTH,2170308.382
2017-01-01,PC,1887725.81
2017-01-01,RFO,1016191.5819999999
2017-01-01,SUN,4620921.96
2017-01-01,WND,41589456.788
2017-01-01,WOC,1826928.148
2017-01-01,WOO,183285.096
2017-01-01,WWW,6996730.63
2017-02-01,COL,172017967.382
2017-02-01,DFO,751073.006
2017-02-01,GEO,2466617.536
2017-02-01,HPS,-1015822.0
2017-02-01,HYC,47758667.116
2017-02-01,MLG,2879904.592
2017-02-01,NG,165621853.624
2017-02-01,NUC,127120742.0
2017-02-01,OOG,1955288.926
2017-02-01,ORW,514332.058
2017-02-01,OTH,1971801.908
2017-02-01,PC,1446089.354
2017-02-01,RFO,860212.378
2017-02-01,SUN,5483141.196
2017-02-01,WND,44174417.756
2017-02-01,WOC,1620197.666
2017-02-01,WOO,125831.99
2017-02-01,WWW,6354639.924
2017-03-01,COL,177016465.18
2017-03-01,DFO,890738.708
2017-03-01,GEO,2761930.908
2017-03-01,HPS,-1042070.0
2017-03-01,HYC,59225410.562
2017-03-01,MLG,3113099.314
2017-03-01,NG,190413994.718
2017-03-01,NUC,130186400.0
2017-03-01,OOG,2120495.042
2017-03-01,ORW,582038.442
2017-03-01,OTH,2108201.874
2017-03-01,PC,1398015.398
2017-03-01,RFO,880501.412
2017-03-01,SUN,8994707.028
2017-03-01,WND,51451967.482
2017-03-01,WOC,1712775.446
2017-03-01,WOO,141709.958
2017-03-01,WWW,6904254.936
2017-04-01,COL,161612879.896
2017-04-01,DFO,719860.902
2017-04-01,GEO,2670381.682
2017-04-01,HPS,-877458.0
2017-04-01,HYC,58817916.611999996
2017-04-01,MLG,2974253.556
2017-04-01,NG,177106881.748
2017-04-01,NUC,113486704.0
2017-04-01,OOG,2002720.9679999999
2017-04-01,ORW,508534.07
2017-04-01,OTH,2087620.692
2017-04-01,PC,862030.652
2017-04-01,RFO,868557.05
2017-04-01,SUN,9789112.952
2017-04-01,WND,50745543.886
2017-04-01,WOC,1057746.2719999999
2017-04-01,WOO,130888.288
2017-04-01,WWW,6247273.88
2017-05-01,COL,184297890.09
2017-05-01,DFO,861294.812
2017-05-01,GEO,2592048.926
2017-05-01,HPS,-846336.0
2017-05-01,HYC,65213094.774
2017-05-01,MLG,3167367.698
2017-05-01,NG,196137129.156
2017-05-01,NUC,122625506.0
2017-05-01,OOG,2111503.346
2017-05-01,ORW,532225.232
2017-05-01,OTH,2162286.422
2017-05-01,PC,1694163.522
2017-05-01,RFO,958719.99
2017-05-01,SUN,11541814.066
2017-05-01,WND,46123292.02
2017-05-01,WOC,1255192.714
2017-05-01,WOO,119811.014
2017-05-01,WWW,6369915.528
2017-06-01,COL,213668683.11
2017-06-01,DFO,732692.38
2017-06-01,GEO,2556006.87
2017-06-01,HPS,-1135032.0
2017-06-01,HYC,61149555.628
2017-06-01,MLG,3088704.712
2017-06-01,NG,234688244.146
2017-06-01,NUC,134021564.0
2017-06-01,OOG,1985952.262
2017-06-01,ORW,504335.83
2017-06-01,OTH,2182957.764
2017-06-01,PC,1802984.316
2017-06-01,RFO,1085448.196
2017-06-01,SUN,12200711.084
2017-06-01,WND,40273192.722
2017-06-01,WOC,1347961.196
2017-06-01,WOO,164603.17799999999
2017-06-01,WWW,6866932.878
2017-07-01,COL,253610989.96400002
2017-07-01,DFO,739232.702
2017-07-01,GEO,2733097.496
2017-07-01,HPS,-1518988.0
2017-07-01,HYC,53195555.588
2017-07-01,MLG,3127586.126
2017-07-01,NG,293548211.71
2017-07-01,NUC,142628438.0
2017-07-01,OOG,2094976.518
2017-07-01,ORW,519972.72
2017-07-01,OTH,2397703.196
2017-07-01,PC,1778852.224
2017-07-01,RFO,969305.394
2017-07-01,SUN,11112066.84
2017-07-01,WND,32230658.234
2017-07-01,WOC,1595022.566
2017-07-01,WOO,112315.766
2017-07-01,WWW,7374412.384
2017-08-01,COL,236943676.032
2017-08-01,DFO,685480.726
2017-08-01,GEO,2713761.424
2017-08-01,HPS,-1276468.0
2017-08-01,HYC,44066888.86
2017-08-01,MLG,3159045.316
2017-08-01,NG,282576148.482
2017-08-01,NUC,144768436.0
2017-08-01,OOG,2266520.4
2017-08-01,ORW,488551.27400000003
2017-08-01,OTH,2418031.826
2017-08-01,PC,1529344.836
2017-08-01,RFO,1112612.03
2017-08-01,SUN,10711629.494
2017-08-01,WND,27668329.354
2017-08-01,WOC,1620190.332
2017-08-01,WOO,138618.362
2017-08-01,WWW,7458092.326
2017-09-01,COL,192649989.184
2017-09-01,DFO,723063.034
2017-09-01,GEO,2651028.166
2017-09-01,HPS,-1212162.0
2017-09-01,HYC,38302787.798
2017-09-01,MLG,2958023.142
2017-09-01,NG,236244750.8
2017-09-01,NUC,136195836.0
2017-09-01,OOG,2118885.378
2017-09-01,ORW,447067.936
2017-09-01,OTH,2053994.088
2017-09-01,PC,1423694.496
2017-09-01,RFO,992336.306
2017-09-01,SUN,10094827.158
2017-09-01,WND,35815876.154
2017-09-01,WOC,1453208.09
2017-09-01,WOO,139627.744
2017-09-01,WWW,6577598.312
2017-10-01,COL,178373399.962
2017-10-01,DFO,795052.988
2017-10-01,GEO,2417380.572
2017-10-01,HPS,-925964.0
2017-10-01,HYC,35395642.632
2017-10-01,MLG,2981103.278
2017-10-01,NG,213778162.886
2017-10-01,NUC,131989570.0
2017-10-01,OOG,1996333.106
2017-10-01,ORW,474602.672
2017-10-01,OTH,2046735.458
2017-10-01,PC,1144072.356
2017-10-01,RFO,1019751.276
2017-10-01,SUN,9277366.13
2017-10-01,WND,48729402.344
2017-10-01,WOC,1177647.732
2017-10-01,WOO,131731.76
2017-10-01,WWW,6601773.4180000005
2017-11-01,COL,180852254.62
2017-11-01,DFO,787661.134
2017-11-01,GEO,2597665.714
2017-11-01,HPS,-956214.0
2017-11-01,HYC,39775810.578
2017-11-01,MLG,3068137.738
2017-11-01,NG,190055224.758
2017-11-01,NUC,133235706.0
2017-11-01,OOG,2002082.108
2017-11-01,ORW,541544.942
2017-11-01,OTH,2143661.046
2017-11-01,PC,1510462.4340000001
2017-11-01,RFO,874251.226
2017-11-01,SUN,6403212.062
2017-11-01,WND,45223692.784
2017-11-01,WOC,1120423.942
2017-11-01,WOO,167342.112
2017-11-01,WWW,6844978.252
2017-12-01,COL,211245823.96
2017-12-01,DFO,1771637.09
2017-12-01,GEO,2749518.5640000002
2017-12-01,HPS,-1311850.0
2017-12-01,HYC,44494836.03
2017-12-01,MLG,3240034.644
2017-12-01,NG,222308652.738
2017-12-01,NUC,147399144.0
2017-12-01,OOG,2190047.564
2017-12-01,ORW,551761.6140000001
2017-12-01,OTH,2273528.46
2017-12-01,PC,1474243.33
2017-12-01,RFO,1833839.862
2017-12-01,SUN,6041152.83
2017-12-01,WND,44396519.656
2017-12-01,WOC,1844909.176
2017-12-01,WOO,285256.77400000003
2017-12-01,WWW,7459645.076
2018-01-01,COL,236516117.022
2018-01-01,DFO,6100825.788
2018-01-01,GEO,2682614.848
2018-01-01,HPS,-1094662.0
2018-01-01,HYC,50128153.3
2018-01-01,MLG,3104047.556
2018-01-01,NG,220883964.15
2018-01-01,NUC,149298080.0
2018-01-01,OOG,2193243.804
2018-01-01,ORW,529166.826
2018-01-01,OTH,2218499.092
2018-01-01,PC,1929195.732
2018-01-01,RFO,4366763.268
2018-01-01,SUN,6637950.4120000005
2018-01-01,WND,51197644.404
2018-01-01,WOC,2052112.852
2018-01-01,WOO,643009.438
2018-01-01,WWW,7371979.3379999995
2018-02-01,COL,162593825.068
2018-02-01,DFO,675842.154
2018-02-01,GEO,2548185.152
2018-02-01,HPS,-630288.0
2018-02-01,HYC,49804515.174
2018-02-01,MLG,2930066.916
2018-02-01,NG,197350571.396
2018-02-01,NUC,129580060.0
2018-02-01,OOG,2184242.824
2018-02-01,ORW,502061.502
2018-02-01,OTH,1988559.804
2018-02-01,PC,1507399.098
2018-02-01,RFO,794223.022
2018-02-01,SUN,7792828.168
2018-02-01,WND,46378978.478
2018-02-01,WOC,1506540.092
2018-02-01,WOO,137803.096
2018-02-01,WWW,6469901.314
2018-03-01,COL,159546867.882
2018-03-01,DFO,731432.722
2018-03-01,GEO,2733506.056
2018-03-01,HPS,-979924.0
2018-03-01,HYC,51721208.02
2018-03-01,MLG,3137986.42
2018-03-01,NG,213484031.76
2018-03-01,NUC,134065312.0
2018-03-01,OOG,2316740.048
2018-03-01,ORW,505540.63
2018-03-01,OTH,2216204.35
2018-03-01,PC,1284269.638
2018-03-01,RFO,794437.368
2018-03-01,SUN,10112476.634
2018-03-01,WND,52927407.82
2018-03-01,WOC,1704457.522
2018-03-01,WOO,133540.202
2018-03-01,WWW,7094884.722
2018-04-01,COL,145592498.89
2018-04-01,DFO,796075.25
2018-04-01,GEO,2375873.272
2018-04-01,HPS,-753796.0
2018-04-01,HYC,56230309.042
2018-04-01,MLG,2973307.942
2018-04-01,NG,197343170.588
2018-04-01,NUC,118266310.0
2018-04-01,OOG,2197022.168
2018-04-01,ORW,478087.412
2018-04-01,OTH,2056127.324
2018-04-01,PC,1331561.862
2018-04-01,RFO,830114.7640000001
2018-04-01,SUN,12113453.424
2018-04-01,WND,52861714.358
2018-04-01,WOC,1099514.078
2018-04-01,WOO,118806.842
2018-04-01,WWW,6203739.784
2018-05-01,COL,169485284.17
2018-05-01,DFO,976934.212
2018-05-01,GEO,2765240.5
2018-05-01,HPS,-780166.0
2018-05-01,HYC,60888567.746
2018-05-01,MLG,3006298.65
2018-05-01,NG,231129276.66
2018-05-01,NUC,134640496.0
2018-05-01,OOG,2334528.352
2018-05-01,ORW,456824.928
2018-05-01,OTH,2139536.062
2018-05-01,PC,1033015.148
2018-05-01,RFO,955744.838
2018-05-01,SUN,13698024.61
2018-05-01,WND,47906255.32
2018-05-01,WOC,969316.226
2018-05-01,WOO,147916.096
2018-05-01,WWW,6703430.174
2018-06-01,COL,201589791.838
2018-06-01,DFO,947015.258
2018-06-01,GEO,2599669.564
2018-06-01,HPS,-866648.0
2018-06-01,HYC,55194976.956
2018-06-01,MLG,3035390.874
2018-06-01,NG,262171445.902
2018-06-01,NUC,139375112.0
2018-06-01,OOG,2182519.52
2018-06-01,ORW,404599.194
2018-06-01,OTH,2208570.492
2018-06-01,PC,1668600.22
2018-06-01,RFO,1056616.632
2018-06-01,SUN,14829334.016
2018-06-01,WND,49405711.846
2018-06-01,WOC,1417061.776
2018-06-01,WOO,128903.38
2018-06-01,WWW,6941497.176
2018-07-01,COL,229075365.236
2018-07-01,DFO,777623.008
2018-07-01,GEO,2739222.59
2018-07-01,HPS,-1288938.0
2018-07-01,HYC,50199057.936
2018-07-01,MLG,3095424.892
2018-07-01,NG,330150852.606
2018-07-01,NUC,144912018.0
2018-07-01,OOG,2343239.288
2018-07-01,ORW,404637.338
2018-07-01,OTH,2221275.034
2018-07-01,PC,1825115.034
2018-07-01,RFO,1044253.72
2018-07-01,SUN,13509751.59
2018-07-01,WND,32893148.778
2018-07-01,WOC,1677387.7079999999
2018-07-01,WOO,155024.422
2018-07-01,WWW,7498912.336
2018-08-01,COL,228602831.93
2018-08-01,DFO,828908.154
2018-08-01,GEO,2734110.074
2018-08-01,HPS,-1494470.0
2018-08-01,HYC,44033810.718
2018-08-01,MLG,3099624.952
2018-08-01,NG,324001268.1
2018-08-01,NUC,144564934.0
2018-08-01,OOG,2602004.7800000003
2018-08-01,ORW,415413.31799999997
2018-08-01,OTH,2291986.852
2018-08-01,PC,1758816.406
2018-08-01,RFO,1109459.5119999999
2018-08-01,SUN,13390815.922
2018-08-01,WND,39692873.986
2018-08-01,WOC,1656079.634
2018-08-01,WOO,156227.952
2018-08-01,WWW,7259603.278
2018-09-01,COL,191710411.4
2018-09-01,DFO,787985.816
2018-09-01,GEO,2655815.382
2018-09-01,HPS,-1206226.0
2018-09-01,HYC,38331241.602
2018-09-01,MLG,2795991.726
2018-09-01,NG,284170371.352
2018-09-01,NUC,129449506.0
2018-09-01,OOG,2208716.916
2018-09-01,ORW,383123.292
2018-09-01,OTH,2008959.528
2018-09-01,PC,1598264.758
2018-09-01,RFO,1164415.522
2018-09-01,SUN,11921802.954
2018-09-01,WND,37039341.258
2018-09-01,WOC,1377573.496
2018-09-01,WOO,157391.588
2018-09-01,WWW,6561232.878
2018-10-01,COL,173225137.626
2018-10-01,DFO,798320.858
2018-10-01,GEO,2546180.574
2018-10-01,HPS,-984404.0
2018-10-01,HYC,39096381.836
2018-10-01,MLG,3024359.6
2018-10-01,NG,246560893.142
2018-10-01,NUC,118793810.0
2018-10-01,OOG,2032003.984
2018-10-01,ORW,462413.01
2018-10-01,OTH,2168924.936
2018-10-01,PC,1124346.632
2018-10-01,RFO,1061565.022
2018-10-01,SUN,9939381.936
2018-10-01,WND,42387796.018
2018-10-01,WOC,1302117.138
2018-10-01,WOO,169184.696
2018-10-01,WWW,6431887.51
2018-11-01,COL,183957579.992
2018-11-01,DFO,939477.11
2018-11-01,GEO,2661687.256
2018-11-01,HPS,-685414.0
2018-11-01,HYC,43825432.904
2018-11-01,MLG,3008099.626
2018-11-01,NG,216530024.034
2018-11-01,NUC,127908740.0
2018-11-01,OOG,2090238.97
2018-11-01,ORW,440489.722
2018-11-01,OTH,2149175.692
2018-11-01,PC,1311226.14
2018-11-01,RFO,922587.704
2018-11-01,SUN,7485529.818
2018-11-01,WND,44031467.798
2018-11-01,WOC,1679607.996
2018-11-01,WOO,148975.616
2018-11-01,WWW,6527141.904
2018-12-01,COL,198930228.056
2018-12-01,DFO,893615.732
2018-12-01,GEO,2892162.732
2018-12-01,HPS,-1044142.0
2018-12-01,HYC,45594322.636
2018-12-01,MLG,3133031.9359999998
2018-12-01,NG,219910193.366
2018-12-01,NUC,143314576.0
2018-12-01,OOG,2240997.286
2018-12-01,ORW,465541.064
2018-12-01,OTH,2278588.196
2018-12-01,PC,1589555.4340000001
2018-12-01,RFO,823032.068
2018-12-01,SUN,6219279.584
2018-12-01,WND,48612567.366
2018-12-01,WOC,1706972.092
2018-12-01,WOO,215836.26
2018-12-01,WWW,6808107.43
2019-01-01,COL,200063552.914
2019-01-01,DFO,1312594.146
2019-01-01,GEO,2779873.098
2019-01-01,HPS,-646018.0
2019-01-01,HYC,49595616.786
2019-01-01,MLG,2917065.302
2019-01-01,NG,243616554.718
2019-01-01,NUC,147401688.0
2019-01-01,OOG,2049352.492
2019-01-01,ORW,427430.428
2019-01-01,OTH,2387300.882
2019-01-01,PC,1600149.162
2019-01-01,RFO,1162448.954
2019-01-01,SUN,7160416.82
2019-01-01,WND,48602899.002
2019-01-01,WOC,1745856.1639999999
2019-01-01,WOO,350321.632
2019-01-01,WWW,6930568.246
2019-02-01,COL,158450173.062
2019-02-01,DFO,748077.978
2019-02-01,GEO,2585156.304
2019-02-01,HPS,-777438.0
2019-02-01,HYC,45761075.546
2019-02-01,MLG,2613238.9
2019-02-01,NG,224794318.374
2019-02-01,NUC,129429788.0
2019-02-01,OOG,1895267.118
2019-02-01,ORW,382181.184
2019-02-01,OTH,2005894.434
2019-02-01,PC,1383946.368
2019-02-01,RFO,684415.742
2019-02-01,SUN,7671545.614
2019-02-01,WND,45245506.846
2019-02-01,WOC,1408645.02
2019-02-01,WOO,197167.056
2019-02-01,WWW,6084505.454
2019-03-01,COL,155181420.626
2019-03-01,DFO,737909.142
2019-03-01,GEO,2844997.036
2019-03-01,HPS,-817884.0
2019-03-01,HYC,52667970.666
2019-03-01,MLG,2796140.174
2019-03-01,NG,232118292.564
2019-03-01,NUC,130159382.0
2019-03-01,OOG,2171095.86
2019-03-01,ORW,453046.566
2019-03-01,OTH,2154153.956
2019-03-01,PC,1147801.502
2019-03-01,RFO,738021.048
2019-03-01,SUN,11797251.264
2019-03-01,WND,51545356.842
2019-03-01,WOC,1521819.202
2019-03-01,WOO,156455.53
2019-03-01,WWW,6433275.322
2019-04-01,COL,118816412.728
2019-04-01,DFO,627108.518
2019-04-01,GEO,2508006.746
2019-04-01,HPS,-206442.0
2019-04-01,HYC,55640353.638000004
2019-04-01,MLG,2603591.496
2019-04-01,NG,208697264.138
2019-04-01,NUC,121161854.0
2019-04-01,OOG,1895364.236
2019-04-01,ORW,415548.404
2019-04-01,OTH,2029992.982
2019-04-01,PC,801374.174
2019-04-01,RFO,746718.708
2019-04-01,SUN,13504552.768
2019-04-01,WND,57830612.068
2019-04-01,WOC,1028506.532
2019-04-01,WOO,190053.28399999999
2019-04-01,WWW,5614350.418
2019-05-01,COL,142690530.04
2019-05-01,DFO,815356.004
2019-05-01,GEO,2683671.234
2019-05-01,HPS,-736562.0
2019-05-01,HYC,63964083.142
2019-05-01,MLG,2769508.8
2019-05-01,NG,234593297.984
2019-05-01,NUC,134247092.0
2019-05-01,OOG,2108024.7
2019-05-01,ORW,358102.336
2019-05-01,OTH,2233476.906
2019-05-01,PC,1474791.734
2019-05-01,RFO,885015.42
2019-05-01,SUN,14323793.95
2019-05-01,WND,51558773.928
2019-05-01,WOC,1078720.312
2019-05-01,WOO,172731.488
2019-05-01,WWW,6101237.286
2019-06-01,COL,155825740.458
2019-06-01,DFO,781948.726
2019-06-01,GEO,2656526.532
2019-06-01,HPS,-770592.0
2019-06-01,HYC,56155526.166
2019-06-01,MLG,2781097.036
2019-06-01,NG,276174837.508
2019-06-01,NUC,137609758.0
2019-06-01,OOG,2018082.172
2019-06-01,ORW,381586.802
2019-06-01,OTH,2202373.942
2019-06-01,PC,1125806.466
2019-06-01,RFO,954601.546
2019-06-01,SUN,15942185.96
2019-06-01,WND,44891940.982
2019-06-01,WOC,1253268.094
2019-06-01,WOO,176595.164
2019-06-01,WWW,6317426.452
2019-07-01,COL,200652954.32
2019-07-01,DFO,776774.712
2019-07-01,GEO,2750719.32
2019-07-01,HPS,-1244694.0
2019-07-01,HYC,49750796.874
2019-07-01,MLG,2845217.744
2019-07-01,NG,344563289.968
2019-07-01,NUC,144397190.0
2019-07-01,OOG,2370724.74
2019-07-01,ORW,388544.986
2019-07-01,OTH,2313345.12
2019-07-01,PC,1581609.126
2019-07-01,RFO,1053324.524
2019-07-01,SUN,16265281.588
2019-07-01,WND,44201444.134
2019-07-01,WOC,888617.01
2019-07-01,WOO,177824.856
2019-07-01,WWW,6996818.244
2019-08-01,COL,187160371.114
2019-08-01,DFO,782896.94
2019-08-01,GEO,2786304.806
2019-08-01,HPS,-1158024.0
2019-08-01,HYC,45157335.034
2019-08-01,MLG,2863804.056
2019-08-01,NG,350540495.242
2019-08-01,NUC,143821368.0
2019-08-01,OOG,2294701.15
2019-08-01,ORW,407630.324
2019-08-01,OTH,2421424.868
2019-08-01,PC,1367946.378
2019-08-01,RFO,1127651.23
2019-08-01,SUN,15753107.422
2019-08-01,WND,39956061.45
2019-08-01,WOC,919042.012
2019-08-01,WOO,183952.628
2019-08-01,WWW,7077240.958
2019-09-01,COL,170719812.582
2019-09-01,DFO,703006.908
2019-09-01,GEO,2735223.96
2019-09-01,HPS,-1342428.0
2019-09-01,HYC,37051520.022
2019-09-01,MLG,2700917.71
2019-09-01,NG,299876264.634
2019-09-01,NUC,132127160.0
2019-09-01,OOG,2223939.98
2019-09-01,ORW,358275.73
2019-09-01,OTH,2284120.394
2019-09-01,PC,1161513.446
2019-09-01,RFO,944410.804
2019-09-01,SUN,13634439.842
2019-09-01,WND,49026935.718
2019-09-01,WOC,693571.516
2019-09-01,WOO,198764.18399999998
2019-09-01,WWW,6421689.356
2019-10-01,COL,132613359.398
2019-10-01,DFO,730366.904
2019-10-01,GEO,2282103.19
2019-10-01,HPS,-745228.0
2019-10-01,HYC,36611625.814
2019-10-01,MLG,2735237.758
2019-10-01,NG,262226755.966
2019-10-01,NUC,124065244.0
2019-10-01,OOG,1847928.494
2019-10-01,ORW,411549.766
2019-10-01,OTH,2200135.084
2019-10-01,PC,399867.06799999997
2019-10-01,RFO,947795.3439999999
2019-10-01,SUN,12186932.932
2019-10-01,WND,55249038.614
2019-10-01,WOC,941102.468
2019-10-01,WOO,205597.252
2019-10-01,WWW,6125877.622
2019-11-01,COL,149987057.354
2019-11-01,DFO,771951.234
2019-11-01,GEO,1967063.232
2019-11-01,HPS,-1017550.0
2019-11-01,HYC,40435194.638
2019-11-01,MLG,2655901.686
2019-11-01,NG,235917452.026
2019-11-01,NUC,128250850.0
2019-11-01,OOG,2093072.056
2019-11-01,ORW,395012.30199999997
2019-11-01,OTH,2163957.102
2019-11-01,PC,666687.664
2019-11-01,RFO,862934.614
2019-11-01,SUN,8727985.78
2019-11-01,WND,50368717.746
2019-11-01,WOC,1111619.712
2019-11-01,WOO,163110.556
2019-11-01,WWW,6273686.364
2019-12-01,COL,143934336.732
2019-12-01,DFO,852095.942
2019-12-01,GEO,2365788.542
2019-12-01,HPS,-1058628.0
2019-12-01,HYC,42956362.724
2019-12-01,MLG,2841208.55
2019-12-01,NG,263946856.634
2019-12-01,NUC,146147150.0
2019-12-01,OOG,2214635.436
2019-12-01,ORW,425304.224
2019-12-01,OTH,2266158.46
2019-12-01,PC,925888.8740000001
2019-12-01,RFO,921968.368
2019-12-01,SUN,6906150.544
2019-12-01,WND,53287679.668
2019-12-01,WOC,1227135.336
2019-12-01,WOO,202136.298
2019-12-01,WWW,6710088.5
2020-01-01,COL,129159113.382
2020-01-01,DFO,741327.324
2020-01-01,GEO,2295062.798
2020-01-01,HPS,-753582.0
2020-01-01,HYC,48995714.362
2020-01-01,MLG,2882645.644
2020-01-01,NG,272167559.978
2020-01-01,NUC,148339292.0
2020-01-01,OOG,2310845.528
2020-01-01,ORW,425691.574
2020-01-01,OTH,2185985.85
2020-01-01,PC,1266574.836
2020-01-01,RFO,880531.076
2020-01-01,SUN,8917754.862
2020-01-01,WND,56242822.75
2020-01-01,WOC,1120405.652
2020-01-01,WOO,208311.854
2020-01-01,WWW,6652161.926
2020-02-01,COL,111327417.028
2020-02-01,DFO,614892.36
2020-02-01,GEO,2460355.364
2020-02-01,HPS,-493354.0
2020-02-01,HYC,51736123.546000004
2020-02-01,MLG,2637071.558
2020-02-01,NG,256035856.864
2020-02-01,NUC,131821148.0
2020-02-01,OOG,2304127.492
2020-02-01,ORW,387369.676
2020-02-01,OTH,1942566.124
2020-02-01,PC,1080171.892
2020-02-01,RFO,710957.968
2020-02-01,SUN,11122818.404
2020-02-01,WND,58220989.084
2020-02-01,WOC,1075518.904
2020-02-01,WOO,172276.476
2020-02-01,WWW,6239906.1
2020-03-01,COL,100563954.526
2020-03-01,DFO,506594.172
2020-03-01,GEO,2930336.816
2020-03-01,HPS,-706128.0
2020-03-01,HYC,47646034.964
2020-03-01,MLG,2890332.42
2020-03-01,NG,252373160.198
2020-03-01,NUC,127994420.0
2020-03-01,OOG,2094767.226
2020-03-01,ORW,402746.58
2020-03-01,OTH,2183057.198
2020-03-01,PC,1408296.984
2020-03-01,RFO,710950.958
2020-03-01,SUN,12699289.284
2020-03-01,WND,58639565.864
2020-03-01,WOC,897302.268
2020-03-01,WOO,164435.278
2020-03-01,WWW,6340275.318
2020-04-01,COL,80448221.168
2020-04-01,DFO,445716.936
2020-04-01,GEO,2757894.59
2020-04-01,HPS,-650060.0
2020-04-01,HYC,46388709.33
2020-04-01,MLG,2750963.952
2020-04-01,NG,221127630.186
2020-04-01,NUC,118340032.0
2020-04-01,OOG,1604123.83
2020-04-01,ORW,364238.874
2020-04-01,OTH,2146134.166
2020-04-01,PC,1227415.73
2020-04-01,RFO,657782.018
2020-04-01,SUN,15841458.2
2020-04-01,WND,59504457.942
2020-04-01,WOC,902183.046
2020-04-01,WOO,147923.234
2020-04-01,WWW,5687602.544
2020-05-01,COL,92350258.442
2020-05-01,DFO,539897.798
2020-05-01,GEO,2724537.046
2020-05-01,HPS,-733466.0
2020-05-01,HYC,59952321.01
2020-05-01,MLG,2798322.354
2020-05-01,NG,234371291.928
2020-05-01,NUC,128675940.0
2020-05-01,OOG,1768515.756
2020-05-01,ORW,380721.844
2020-05-01,OTH,2179950.97
2020-05-01,PC,1220571.08
2020-05-01,RFO,685581.39
2020-05-01,SUN,19306811.77
2020-05-01,WND,56755010.722
2020-05-01,WOC,702994.314
2020-05-01,WOO,156786.39
2020-05-01,WWW,5837604.934
2020-06-01,COL,129901703.556
2020-06-01,DFO,670368.176
2020-06-01,GEO,2548242.966
2020-06-01,HPS,-997862.0
2020-06-01,HYC,55998767.418
2020-06-01,MLG,2565552.476
2020-06-01,NG,286110846.852
2020-06-01,NUC,134410166.0
2020-06-01,OOG,1733075.4239999999
2020-06-01,ORW,347238.882
2020-06-01,OTH,2036823.366
2020-06-01,PC,1601512.076
2020-06-01,RFO,823499.07
2020-06-01,SUN,19308011.546
2020-06-01,WND,60424810.464
2020-06-01,WOC,664636.358
2020-06-01,WOO,141171.81
2020-06-01,WWW,5645815.31
2020-07-01,COL,178393836.09
2020-07-01,DFO,743941.56
2020-07-01,GEO,2662573.816
2020-07-01,HPS,-1371252.0
2020-07-01,HYC,53483558.964
2020-07-01,MLG,2736554.546
2020-07-01,NG,363136127.29
2020-07-01,NUC,138770880.0
2020-07-01,OOG,1874654.8699999999
2020-07-01,ORW,346350.702
2020-07-01,OTH,2185151.292
2020-07-01,PC,1674447.924
2020-07-01,RFO,931596.312
2020-07-01,SUN,21219546.298
2020-07-01,WND,45732396.416
2020-07-01,WOC,1025128.878
2020-07-01,WOO,152667.314
2020-07-01,WWW,6044359.446
2020-08-01,COL,181149645.208
2020-08-01,DFO,699021.6140000001
2020-08-01,GEO,2646048.196
2020-08-01,HPS,-1567276.0
2020-08-01,HYC,46567115.42
2020-08-01,MLG,2779480.076
2020-08-01,NG,347288834.04
2020-08-01,NUC,137964374.0
2020-08-01,OOG,2187077.822
2020-08-01,ORW,342140.822
2020-08-01,OTH,2214536.048
2020-08-01,PC,1574819.508
2020-08-01,RFO,929369.344
2020-08-01,SUN,18630843.12
2020-08-01,WND,46058663.804
2020-08-01,WOC,1141177.618
2020-08-01,WOO,145433.344
2020-08-01,WWW,6319881.38
2020-09-01,COL,135755315.234
2020-09-01,DFO,517547.984
2020-09-01,GEO,2576009.388
2020-09-01,HPS,-1049458.0
2020-09-01,HYC,37357619.854
2020-09-01,MLG,2617738.78
2020-09-01,NG,282794910.006
2020-09-01,NUC,131454634.0
2020-09-01,OOG,2025847.086
2020-09-01,ORW,348019.83400000003
2020-09-01,OTH,2031779.784
2020-09-01,PC,877895.522
2020-09-01,RFO,833984.404
2020-09-01,SUN,15464643.13
2020-09-01,WND,46371955.098
2020-09-01,WOC,1058175.772
2020-09-01,WOO,158603.702
2020-09-01,WWW,5790852.274
2020-10-01,COL,118498217.7
2020-10-01,DFO,646386.002
2020-10-01,GEO,2575122.0979999998
2020-10-01,HPS,-846486.0
2020-10-01,HYC,37620812.208
2020-10-01,MLG,2612534.378
2020-10-01,NG,262825157.842
2020-10-01,NUC,118724930.0
2020-10-01,OOG,1835493.266
2020-10-01,ORW,365470.562
2020-10-01,OTH,2134235.072
2020-10-01,PC,701344.282
2020-10-01,RFO,925397.584
2020-10-01,SUN,14170369.732
2020-10-01,WND,57645325.372
2020-10-01,WOC,1110960.462
2020-10-01,WOO,181162.668
2020-10-01,WWW,5680444.528
2020-11-01,COL,121518620.476
2020-11-01,DFO,635658.86
2020-11-01,GEO,2797578.282
2020-11-01,HPS,-738444.0
2020-11-01,HYC,41785318.332
2020-11-01,MLG,2567090.998
2020-11-01,NG,219621560.552
2020-11-01,NUC,123519954.0
2020-11-01,OOG,1899635.446
2020-11-01,ORW,338201.79600000003
2020-11-01,OTH,2133065.16
2020-11-01,PC,1224075.47
2020-11-01,RFO,788733.856
2020-11-01,SUN,11533038.78
2020-11-01,WND,66258810.204
2020-11-01,WOC,845752.236
2020-11-01,WOO,174609.016
2020-11-01,WWW,5902667.914
2020-12-01,COL,155957652.004
2020-12-01,DFO,788894.294
2020-12-01,GEO,2805632.64
2020-12-01,HPS,-735042.0
2020-12-01,HYC,43015694.37
2020-12-01,MLG,2745847.542
2020-12-01,NG,255726344.492
2020-12-01,NUC,139741956.0
2020-12-01,OOG,1998792.23
2020-12-01,ORW,353021.06
2020-12-01,OTH,2337085.15
2020-12-01,PC,1501519.288
2020-12-01,RFO,895184.888
2020-12-01,SUN,10182845.116
2020-12-01,WND,64021290.342
2020-12-01,WOC,1217605.542
2020-12-01,WOO,196188.666
2020-12-01,WWW,6296314.22
2021-01-01,COL,161242349.214
2021-01-01,DFO,718995.482
2021-01-01,GEO,2693565.752
2021-01-01,HPS,-848692.0
2021-01-01,HYC,49120081.394
2021-01-01,MLG,2779863.468
2021-01-01,NG,253059196.968
2021-01-01,NUC,143464926.0
2021-01-01,OOG,2069730.942
2021-01-01,ORW,410046.4
2021-01-01,OTH,2218588.126
2021-01-01,PC,1403300.666
2021-01-01,RFO,967857.26
2021-01-01,SUN,11118490.046
2021-01-01,WND,60120942.79
2021-01-01,WOC,1237208.3699999999
2021-01-01,WOO,185163.806
2021-01-01,WWW,6457803.008
2021-02-01,COL,173666703.9
2021-02-01,DFO,1927583.926
2021-02-01,GEO,2574500.904
2021-02-01,HPS,-850140.0
2021-02-01,HYC,40273018.346
2021-02-01,MLG,2431168.162
2021-02-01,NG,222365829.848
2021-02-01,NUC,125908320.0
2021-02-01,OOG,1639277.564
2021-02-01,ORW,366672.348
2021-02-01,OTH,1841301.57
2021-02-01,PC,1320626.108
2021-02-01,RFO,961518.492
2021-02-01,SUN,12660814.092
2021-02-01,WND,53431001.836
2021-02-01,WOC,1274295.916
2021-02-01,WOO,288201.196
2021-02-01,WWW,5718363.648
2021-03-01,COL,122527185.014
2021-03-01,DFO,659538.284
2021-03-01,GEO,2483676.956
2021-03-01,HPS,-471162.0
2021-03-01,HYC,42440868.188
2021-03-01,MLG,2729016.744
2021-03-01,NG,214037422.676
2021-03-01,NUC,127416476.0
2021-03-01,OOG,1720293.6739999999
2021-03-01,ORW,418596.936
2021-03-01,OTH,2119732.902
2021-03-01,PC,1289936.124
2021-03-01,RFO,761728.654
2021-03-01,SUN,18592363.294
2021-03-01,WND,78410496.022
2021-03-01,WOC,1280742.886
2021-03-01,WOO,160774.304
2021-03-01,WWW,6216865.222
2021-04-01,COL,107312859.22
2021-04-01,DFO,752700.696
2021-04-01,GEO,2575509.452
2021-04-01,HPS,-394438.0
2021-04-01,HYC,38777655.624
2021-04-01,MLG,2570508.74
2021-04-01,NG,214832535.94
2021-04-01,NUC,114184048.0
2021-04-01,OOG,1741857.178
2021-04-01,ORW,360485.074
2021-04-01,OTH,1938352.172
2021-04-01,PC,844359.22
2021-04-01,RFO,697742.612
2021-04-01,SUN,21783428.172
2021-04-01,WND,72315613.514
2021-04-01,WOC,599408.064
2021-04-01,WOO,153286.996
2021-04-01,WWW,5569976.52
2021-05-01,COL,126687354.602
2021-05-01,DFO,780005.442
2021-05-01,GEO,2669074.134
2021-05-01,HPS,-832372.0
2021-05-01,HYC,46617927.904
2021-05-01,MLG,2645700.724
2021-05-01,NG,229351583.152
2021-05-01,NUC,126788230.0
2021-05-01,OOG,1828691.7719999999
2021-05-01,ORW,382607.396
2021-05-01,OTH,2006675.356
2021-05-01,PC,1067883.742
2021-05-01,RFO,765488.172
2021-05-01,SUN,24914320.9
2021-05-01,WND,67573015.802
2021-05-01,WOC,1058086.492
2021-05-01,WOO,124856.04800000001
2021-05-01,WWW,5932793.404
2021-06-01,COL,173383011.092
2021-06-01,DFO,838593.402
2021-06-01,GEO,2554583.162
2021-06-01,HPS,-751140.0
2021-06-01,HYC,46908158.456
2021-06-01,MLG,2581691.272
2021-06-01,NG,298751111.052
2021-06-01,NUC,132140746.0
2021-06-01,OOG,1947593.842
2021-06-01,ORW,357499.052
2021-06-01,OTH,2011716.228
2021-06-01,PC,906469.756
2021-06-01,RFO,831012.924
2021-06-01,SUN,24393553.258
2021-06-01,WND,53343067.364
2021-06-01,WOC,1146192.278
2021-06-01,WOO,193645.148
2021-06-01,WWW,6175450.952
2021-07-01,COL,201688526.124
2021-07-01,DFO,721672.002
2021-07-01,GEO,2701385.158
2021-07-01,HPS,-1369500.0
2021-07-01,HYC,44195024.562
2021-07-01,MLG,2634838.236
2021-07-01,NG,340378726.288
2021-07-01,NUC,137663186.0
2021-07-01,OOG,2092774.738
2021-07-01,ORW,358926.73
2021-07-01,OTH,2082363.554
2021-07-01,PC,1361076.416
2021-07-01,RFO,851463.3200000001
2021-07-01,SUN,24383362.398
2021-07-01,WND,43431103.024
2021-07-01,WOC,1384547.49
2021-07-01,WOO,192474.418
2021-07-01,WWW,6496231.126
2021-08-01,COL,202407993.596
2021-08-01,DFO,890893.546
2021-08-01,GEO,2673915.988
2021-08-01,HPS,-1339502.0
2021-08-01,HYC,40656294.506
2021-08-01,MLG,2589322.972
2021-08-01,NG,345432010.31
2021-08-01,NUC,138942662.0
2021-08-01,OOG,2061026.2
2021-08-01,ORW,349757.318
2021-08-01,OTH,2062786.22
2021-08-01,PC,1493209.36
2021-08-01,RFO,1251222.506
2021-08-01,SUN,23933655.634
2021-08-01,WND,54142244.076
2021-08-01,WOC,1301203.882
2021-08-01,WOO,251494.244
2021-08-01,WWW,6629344.614
2021-09-01,COL,156673354.368
2021-09-01,DFO,695513.24
2021-09-01,GEO,2686422.246
2021-09-01,HPS,-867686.0
2021-09-01,HYC,34044533.058
2021-09-01,MLG,2502319.782
2021-09-01,NG,276428817.286
2021-09-01,NUC,129040062.0
2021-09-01,OOG,1968375.818
2021-09-01,ORW,370890.128
2021-09-01,OTH,1949208.418
2021-09-01,PC,1276069.824
2021-09-01,RFO,1015786.198
2021-09-01,SUN,22428499.266
2021-09-01,WND,57995605.802
2021-09-01,WOC,1080326.12
2021-09-01,WOO,188511.616
2021-09-01,WWW,6010940.692
2021-10-01,COL,124051335.462
2021-10-01,DFO,755104.5380000001
2021-10-01,GEO,2637632.44
2021-10-01,HPS,-853544.0
2021-10-01,HYC,34265872.458
2021-10-01,MLG,2503232.206
2021-10-01,NG,263703362.846
2021-10-01,NUC,116802224.0
2021-10-01,OOG,2124232.256
2021-10-01,ORW,376706.926
2021-10-01,OTH,1964444.516
2021-10-01,PC,1309710.132
2021-10-01,RFO,853775.0700000001
2021-10-01,SUN,18536077.098
2021-10-01,WND,64430222.88
2021-10-01,WOC,1092950.092
2021-10-01,WOO,179888.924
2021-10-01,WWW,5670328.38
2021-11-01,COL,113655798.372
2021-11-01,DFO,790829.486
2021-11-01,GEO,2731143.942
2021-11-01,HPS,-754960.0
2021-11-01,HYC,38746499.354
2021-11-01,MLG,2405556.32
2021-11-01,NG,244866518.372
2021-11-01,NUC,125498636.0
2021-11-01,OOG,1741581.24
2021-11-01,ORW,380731.81
2021-11-01,OTH,1939129.426
2021-11-01,PC,1566027.666
2021-11-01,RFO,791414.768
2021-11-01,SUN,15590202.004
2021-11-01,WND,71502181.274
2021-11-01,WOC,1196896.37
2021-11-01,WOO,190784.282
2021-11-01,WWW,5780070.744
2021-12-01,COL,118535849.41
2021-12-01,DFO,917292.184
2021-12-01,GEO,2968843.866
2021-12-01,HPS,-890232.0
2021-12-01,HYC,47123751.144
2021-12-01,MLG,2671452.938
2021-12-01,NG,255172860.16
2021-12-01,NUC,141439674.0
2021-12-01,OOG,1859039.242
2021-12-01,ORW,401514.27999999997
2021-12-01,OTH,2145833.754
2021-12-01,PC,1182626.8299999998
2021-12-01,RFO,826603.6
2021-12-01,SUN,12181730.524
2021-12-01,WND,79698055.234
2021-12-01,WOC,1513342.726
2021-12-01,WOO,191707.5
2021-12-01,WWW,6267176.954
2022-01-01,COL,173603277.31
2022-01-01,DFO,3132810.644
2022-01-01,GEO,2940282.38
2022-01-01,HPS,-986620.0
2022-01-01,HYC,48395226.89
2022-01-01,MLG,2478489.528
2022-01-01,NG,269895061.286
2022-01-01,NUC,141153750.0
2022-01-01,OOG,2009490.142
2022-01-01,ORW,384990.444
2022-01-01,OTH,2058140.1
2022-01-01,PC,1127686.938
2022-01-01,RFO,2814475.98
2022-01-01,SUN,15643251.47
2022-01-01,WND,74832641.034
2022-01-01,WOC,1573176.794
2022-01-01,WOO,263569.286
2022-01-01,WWW,6211709.376
2022-02-01,COL,140619958.932
2022-02-01,DFO,1068971.852
2022-02-01,GEO,2485768.822
2022-02-01,HPS,-824516.0
2022-02-01,HYC,42641136.456
2022-02-01,MLG,2265893.486
2022-02-01,NG,229890856.414
2022-02-01,NUC,123704354.0
2022-02-01,OOG,1771868.95
2022-02-01,ORW,345339.006
2022-02-01,OTH,1800108.376
2022-02-01,PC,1242323.892
2022-02-01,RFO,995684.5
2022-02-01,SUN,18053518.778
2022-02-01,WND,75289252.15
2022-02-01,WOC,1312796.946
2022-02-01,WOO,164018.982
2022-02-01,WWW,5794208.316
2022-03-01,COL,120933845.544
2022-03-01,DFO,858791.618
2022-03-01,GEO,2572674.622
2022-03-01,HPS,-635016.0
2022-03-01,HYC,48872832.994
2022-03-01,MLG,2476809.938
2022-03-01,NG,224954535.132
2022-03-01,NUC,126307402.0
2022-03-01,OOG,1905961.452
2022-03-01,ORW,375870.468
2022-03-01,OTH,1958035.466
2022-03-01,PC,999837.064
2022-03-01,RFO,899901.1560000001
2022-03-01,SUN,23388444.152
2022-03-01,WND,86061095.936
2022-03-01,WOC,1103701.392
2022-03-01,WOO,158943.258
2022-03-01,WWW,5867294.982
2022-04-01,COL,109536981.124
2022-04-01,DFO,622665.8099999999
2022-04-01,GEO,2564157.148
2022-04-01,HPS,-530452.0
2022-04-01,HYC,40131672.766
2022-04-01,MLG,2361919.038
2022-04-01,NG,211011693.126
2022-04-01,NUC,110579080.0
2022-04-01,OOG,1842104.814
2022-04-01,ORW,321975.5
2022-04-01,OTH,1882432.126
2022-04-01,PC,1055733.962
2022-04-01,RFO,732863.318
2022-04-01,SUN,26803266.32
2022-04-01,WND,92334189.546
2022-04-01,WOC,1121286.162
2022-04-01,WOO,142858.014
2022-04-01,WWW,5472871.224
2022-05-01,COL,123552599.114
2022-05-01,DFO,756564.0
2022-05-01,GEO,2654102.844
2022-05-01,HPS,-933492.0
2022-05-01,HYC,46717559.164
2022-05-01,MLG,2427138.948
2022-05-01,NG,254182046.826
2022-05-01,NUC,126763248.98
2022-05-01,OOG,2072839.3739999998
2022-05-01,ORW,314327.422
2022-05-01,OTH,1941914.2719999999
2022-05-01,PC,1192934.39
2022-05-01,RFO,825179.846
2022-05-01,SUN,30240416.468
2022-05-01,WND,84247395.17
2022-05-01,WOC,1510889.748
2022-05-01,WOO,86865.23
2022-05-01,WWW,5814754.77
2022-06-01,COL,145677597.818
2022-06-01,DFO,857578.992
2022-06-01,GEO,2552780.438
2022-06-01,HPS,-1178130.0
2022-06-01,HYC,51975590.374
2022-06-01,MLG,2414503.55
2022-06-01,NG,311033992.206
2022-06-01,NUC,131430840.0
2022-06-01,OOG,1973456.718
2022-06-01,ORW,331219.714
2022-06-01,OTH,1917710.738
2022-06-01,PC,1366991.354
2022-06-01,RFO,762314.268
2022-06-01,SUN,32104665.012
2022-06-01,WND,67535061.344
2022-06-01,WOC,1248610.0219999999
2022-06-01,WOO,173732.358
2022-06-01,WWW,6089132.574
2022-07-01,COL,171375840.828
2022-07-01,DFO,847388.076
2022-07-01,GEO,2682953.598
2022-07-01,HPS,-1536844.0
2022-07-01,HYC,49134909.206
2022-07-01,MLG,2466196.45
2022-07-01,NG,378084388.404
2022-07-01,NUC,137713838.0
2022-07-01,OOG,2166967.892
2022-07-01,ORW,345806.954
2022-07-01,OTH,1963705.712
2022-07-01,PC,975735.1560000001
2022-07-01,RFO,1030157.772
2022-07-01,SUN,31530941.93
2022-07-01,WND,58949956.49
2022-07-01,WOC,1454100.3
2022-07-01,WOO,211687.946
2022-07-01,WWW,6552234.248
2022-08-01,COL,168983096.308
2022-08-01,DFO,821202.37
2022-08-01,GEO,2708019.528
2022-08-01,HPS,-1279218.0
2022-08-01,HYC,42265898.036
2022-08-01,MLG,2408715.264
2022-08-01,NG,377719337.634
2022-08-01,NUC,137793834.0
2022-08-01,OOG,2016389.878
2022-08-01,ORW,348793.238
2022-08-01,OTH,1847314.156
2022-08-01,PC,1151751.176
2022-08-01,RFO,968608.092
2022-08-01,SUN,29004701.13
2022-08-01,WND,49436832.392
2022-08-01,WOC,1446203.352
2022-08-01,WOO,212430.35
2022-08-01,WWW,6412481.264
2022-09-01,COL,128765784.124
2022-09-01,DFO,635213.55
2022-09-01,GEO,2658767.772
2022-09-01,HPS,-1195912.0
2022-09-01,HYC,34052294.508
2022-09-01,MLG,2311267.634
2022-09-01,NG,313895725.13
2022-09-01,NUC,127466372.0
2022-09-01,OOG,1973039.756
2022-09-01,ORW,318376.542
2022-09-01,OTH,1690097.33
2022-09-01,PC,1296247.546
2022-09-01,RFO,1058539.932
2022-09-01,SUN,26572270.438
2022-09-01,WND,54662267.114
2022-09-01,WOC,1230854.554
2022-09-01,WOO,190056.834
2022-09-01,WWW,5728626.218
2022-10-01,COL,107200375.734
2022-10-01,DFO,633742.326
2022-10-01,GEO,2596943.692
2022-10-01,HPS,-868704.0
2022-10-01,HYC,28734836.83
2022-10-01,MLG,2373329.1
2022-10-01,NG,266983047.688
2022-10-01,NUC,117890766.0
2022-10-01,OOG,1935651.31
2022-10-01,ORW,363364.83
2022-10-01,OTH,1687944.702
2022-10-01,PC,1219131.364
2022-10-01,RFO,1075732.134
2022-10-01,SUN,23883003.106
2022-10-01,WND,65489268.296
2022-10-01,WOC,1256538.856
2022-10-01,WOO,194281.37
2022-10-01,WWW,5248729.528
2022-11-01,COL,111407362.884
2022-11-01,DFO,710369.102
2022-11-01,GEO,2793438.294
2022-11-01,HPS,-990240.0
2022-11-01,HYC,35796295.364
2022-11-01,MLG,2302736.4359999998
2022-11-01,NG,255046878.014
2022-11-01,NUC,124082574.0
2022-11-01,OOG,1821491.578
2022-11-01,ORW,333670.408
2022-11-01,OTH,1728410.986
2022-11-01,PC,1136268.23
2022-11-01,RFO,950373.562
2022-11-01,SUN,16805025.426
2022-11-01,WND,82397693.02
2022-11-01,WOC,1346563.236
2022-11-01,WOO,161697.11000000002
2022-11-01,WWW,5730086.722
2022-12-01,COL,145490281.868
2022-12-01,DFO,3971008.408
2022-12-01,GEO,2963968.862
2022-12-01,HPS,-1096572.0
2022-12-01,HYC,40859081.732
2022-12-01,MLG,2334460.296
2022-12-01,NG,281431917.464
2022-12-01,NUC,138188294.0
2022-12-01,OOG,1955284.616
2022-12-01,ORW,361622.268
2022-12-01,OTH,1752626.514
2022-12-01,PC,1487073.584
2022-12-01,RFO,2119684.244
2022-12-01,SUN,13554271.508
2022-12-01,WND,77359063.898
2022-12-01,WOC,1271502.726
2022-12-01,WOO,500806.322
2022-12-01,WWW,6009686.816
2023-01-01,COL,121703668.504
2023-01-01,DFO,769371.04
2023-01-01,GEO,2840010.0
2023-01-01,HPS,-1240942.0
2023-01-01,HYC,45508433.962
2023-01-01,MLG,2354363.828
2023-01-01,NG,277005310.772
2023-01-01,NUC,141740160.0
2023-01-01,OOG,1889817.176
2023-01-01,ORW,335643.204
2023-01-01,OTH,1777900.298
2023-01-01,PC,842782.842
2023-01-01,RFO,960787.676
2023-01-01,SUN,15612089.672
2023-01-01,WND,76715953.772
2023-01-01,WOC,1010396.972
2023-01-01,WOO,235632.272
2023-01-01,WWW,5839223.776
2023-02-01,COL,91505767.712
2023-02-01,DFO,946493.26
2023-02-01,GEO,2603086.0
2023-02-01,HPS,-911618.0
2023-02-01,HYC,39922284.258
2023-02-01,MLG,2068626.9239999999
2023-02-01,NG,250071307.552
2023-02-01,NUC,121613714.0
2023-02-01,OOG,1782676.94
2023-02-01,ORW,348389.692
2023-02-01,OTH,1556913.0860000001
2023-02-01,PC,790013.13
2023-02-01,RFO,1308971.598
2023-02-01,SUN,18869175.218
2023-02-01,WND,82848537.76
2023-02-01,WOC,1242552.646
2023-02-01,WOO,211409.706
2023-02-01,WWW,5065051.724
2023-03-01,COL,98952295.516
2023-03-01,DFO,696842.0
2023-03-01,GEO,2883720.0
2023-03-01,HPS,-1038036.0
2023-03-01,HYC,42662802.804
2023-03-01,MLG,2231066.704
2023-03-01,NG,267398822.974
2023-03-01,NUC,125640886.0
2023-03-01,OOG,2056559.634
2023-03-01,ORW,323655.924
2023-03-01,OTH,1580032.154
2023-03-01,PC,628961.87
2023-03-01,RFO,971718.052
2023-03-01,SUN,24425624.75
2023-03-01,WND,87167506.228
2023-03-01,WOC,1238909.92
2023-03-01,WOO,178723.902
2023-03-01,WWW,5408852.188
2023-04-01,COL,79455389.52
2023-04-01,DFO,668660.642
2023-04-01,GEO,2711042.0
2023-04-01,HPS,-579698.0
2023-04-01,HYC,39639216.504
2023-04-01,MLG,2063449.088
2023-04-01,NG,240023264.188
2023-04-01,NUC,113324916.0
2023-04-01,OOG,1732725.7319999998
2023-04-01,ORW,314423.19800000003
2023-04-01,OTH,1488311.034
2023-04-01,PC,601605.684
2023-04-01,RFO,901891.9199999999
2023-04-01,SUN,30123281.052
2023-04-01,WND,85491014.308
2023-04-01,WOC,1009819.812
2023-04-01,WOO,165972.028
2023-04-01,WWW,4671076.116
2023-05-01,COL,86840871.83
2023-05-01,DFO,736949.512
2023-05-01,GEO,2690582.0
2023-05-01,HPS,-918200.0
2023-05-01,HYC,55302581.734
2023-05-01,MLG,2334773.478
2023-05-01,NG,274787202.438
2023-05-01,NUC,122310386.0
2023-05-01,OOG,2022817.702
2023-05-01,ORW,352485.234
2023-05-01,OTH,1714410.63
2023-05-01,PC,659875.3319999999
2023-05-01,RFO,890891.148
2023-05-01,SUN,34562095.496
2023-05-01,WND,64454361.934
2023-05-01,WOC,766446.296
2023-05-01,WOO,132201.978
2023-05-01,WWW,5307145.392
2023-06-01,COL,114387295.936
2023-06-01,DFO,676988.948
2023-06-01,GEO,2586768.0
2023-06-01,HPS,-1102618.0
2023-06-01,HYC,43144477.954
2023-06-01,MLG,2298501.13
2023-06-01,NG,323962626.668
2023-06-01,NUC,129638390.0
2023-06-01,OOG,1948399.152
2023-06-01,ORW,318427.634
2023-06-01,OTH,1675765.256
2023-06-01,PC,778927.846
2023-06-01,RFO,899823.352
2023-06-01,SUN,35667398.97
2023-06-01,WND,55093947.854
2023-06-01,WOC,1155705.12
2023-06-01,WOO,178556.05800000002
2023-06-01,WWW,5157877.114
2023-07-01,COL,156176655.72800002
2023-07-01,DFO,681865.304
2023-07-01,GEO,2592178.0
2023-07-01,HPS,-1312664.0
2023-07-01,HYC,43955467.662
2023-07-01,MLG,2341957.7939999998
2023-07-01,NG,399043084.34
2023-07-01,NUC,139775176.0
2023-07-01,OOG,2091642.304
2023-07-01,ORW,329461.55
2023-07-01,OTH,1743242.6940000001
2023-07-01,PC,1302209.478
2023-07-01,RFO,1072572.722
2023-07-01,SUN,37788623.818
2023-07-01,WND,56009121.344
2023-07-01,WOC,1629777.63
2023-07-01,WOO,173682.386
2023-07-01,WWW,5515007.96
2023-08-01,COL,154733502.77
2023-08-01,DFO,761919.54
2023-08-01,GEO,2533888.0
2023-08-01,HPS,-1305988.0
2023-08-01,HYC,42586173.744
2023-08-01,MLG,2325428.906
2023-08-01,NG,398441659.684
2023-08-01,NUC,139488046.0
2023-08-01,OOG,2175420.4
2023-08-01,ORW,348079.998
2023-08-01,OTH,1729558.666
2023-08-01,PC,1302311.5219999999
2023-08-01,RFO,992081.448
2023-08-01,SUN,35488101.074
2023-08-01,WND,56788356.256
2023-08-01,WOC,1489924.068
2023-08-01,WOO,162232.658
2023-08-01,WWW,5768346.144
2023-09-01,COL,119091994.872
2023-09-01,DFO,583341.112
2023-09-01,GEO,2629188.0
2023-09-01,HPS,-1105300.0
2023-09-01,HYC,33831455.288
2023-09-01,MLG,2139058.024
2023-09-01,NG,332621986.956
2023-09-01,NUC,131119420.0
2023-09-01,OOG,1966843.5180000002
2023-09-01,ORW,319262.75800000003
2023-09-01,OTH,1549902.94
2023-09-01,PC,1184716.376
2023-09-01,RFO,1035547.5599999999
2023-09-01,SUN,31165647.7
2023-09-01,WND,56706661.332
2023-09-01,WOC,825735.34
2023-09-01,WOO,168171.882
2023-09-01,WWW,5145482.416
2023-10-01,COL,100893942.194
2023-10-01,DFO,652689.246
2023-10-01,GEO,2839820.0
2023-10-01,HPS,-743332.0
2023-10-01,HYC,31345119.646
2023-10-01,MLG,2224917.154
2023-10-01,NG,281649691.588
2023-10-01,NUC,122871264.0
2023-10-01,OOG,1847066.752
2023-10-01,ORW,381195.186
2023-10-01,OTH,1673088.194
2023-10-01,PC,586711.51
2023-10-01,RFO,1138292.812
2023-10-01,SUN,28241424.484
2023-10-01,WND,72039730.08
2023-10-01,WOC,971543.054
2023-10-01,WOO,188736.406
2023-10-01,WWW,4634682.91
2023-11-01,COL,101156066.012
2023-11-01,DFO,694439.01
2023-11-01,GEO,2879276.0
2023-11-01,HPS,-693876.0
2023-11-01,HYC,34051364.89
2023-11-01,MLG,2243875.57
2023-11-01,NG,271062553.344
2023-11-01,NUC,124515288.0
2023-11-01,OOG,1917205.182
2023-11-01,ORW,366610.146
2023-11-01,OTH,1688681.362
2023-11-01,PC,358099.48600000003
2023-11-01,RFO,951512.016
2023-11-01,SUN,20892220.902
2023-11-01,WND,72890753.43
2023-11-01,WOC,1262646.2079999999
2023-11-01,WOO,165117.36
2023-11-01,WWW,5167685.038
2023-12-01,COL,111194178.86400001
2023-12-01,DFO,736805.378
2023-12-01,GEO,2945238.0
2023-12-01,HPS,-1027784.0
2023-12-01,HYC,38055298.384
2023-12-01,MLG,2380277.538
2023-12-01,NG,296058313.514
2023-12-01,NUC,137708692.0
2023-12-01,OOG,2124413.162
2023-12-01,ORW,425880.64400000003
2023-12-01,OTH,1737036.1739999999
2023-12-01,PC,635873.07
2023-12-01,RFO,938980.836
2023-12-01,SUN,18225014.082
2023-12-01,WND,76076726.132
2023-12-01,WOC,1535468.922
2023-12-01,WOO,164081.19
2023-12-01,WWW,5548743.622
2024-01-01,COL,149853021.362
2024-01-01,DFO,1504523.422
2024-01-01,GEO,2797906.0
2024-01-01,HPS,-828132.0
2024-01-01,HYC,43107808.106
2024-01-01,MLG,2218606.178
2024-01-01,NG,323333282.004
2024-01-01,NUC,138159470.0
2024-01-01,OOG,2148109.22
2024-01-01,ORW,371206.17
2024-01-01,OTH,1597512.41
2024-01-01,PC,719419.068
2024-01-01,RFO,1199029.966
2024-01-01,SUN,19165724.488
2024-01-01,WND,69581744.494
2024-01-01,WOC,1382034.34
2024-01-01,WOO,234002.564
2024-01-01,WWW,5698535.194
2024-02-01,COL,86865854.708
2024-02-01,DFO,496133.272
2024-02-01,GEO,2605496.0
2024-02-01,HPS,-807502.0
2024-02-01,HYC,41590598.454
2024-02-01,MLG,2053181.252
2024-02-01,NG,263689472.98
2024-02-01,NUC,129167624.0
2024-02-01,OOG,1861859.0860000001
2024-02-01,ORW,352660.324
2024-02-01,OTH,1440901.148
2024-02-01,PC,434404.388
2024-02-01,RFO,812554.988
2024-02-01,SUN,25079958.076
2024-02-01,WND,81963164.842
2024-02-01,WOC,1409009.672
2024-02-01,WOO,170880.01
2024-02-01,WWW,5242449.422
2024-03-01,COL,75463415.932
2024-03-01,DFO,571056.876
2024-03-01,GEO,2718970.0
2024-03-01,HPS,-697524.0
2024-03-01,HYC,46725270.894
2024-03-01,MLG,2119943.656
2024-03-01,NG,262274609.246
2024-03-01,NUC,126691538.0
2024-03-01,OOG,1763721.082
2024-03-01,ORW,362915.578
2024-03-01,OTH,1378384.0659999999
2024-03-01,PC,414669.696
2024-03-01,RFO,841519.3019999999
2024-03-01,SUN,32038220.088
2024-03-01,WND,90203703.708
2024-03-01,WOC,1547133.666
2024-03-01,WOO,155753.77
2024-03-01,WWW,5302897.022
2024-04-01,COL,73145922.98
2024-04-01,DFO,775288.3640000001
2024-04-01,GEO,2559408.0
2024-04-01,HPS,-676296.0
2024-04-01,HYC,41831486.722
2024-04-01,MLG,1982568.522
2024-04-01,NG,243063757.12
2024-04-01,NUC,115083752.0
2024-04-01,OOG,1825674.33
2024-04-01,ORW,315088.99199999997
2024-04-01,OTH,1288685.758
2024-04-01,PC,555885.794
2024-04-01,RFO,826369.058
2024-04-01,SUN,38482156.232
2024-04-01,WND,94176919.802
2024-04-01,WOC,1345832.964
2024-04-01,WOO,129977.632
2024-04-01,WWW,4846769.05
2024-05-01,COL,90621700.928
2024-05-01,DFO,676095.778
2024-05-01,GEO,2492538.0
2024-05-01,HPS,-568192.0
2024-05-01,HYC,48954446.332
2024-05-01,MLG,2213735.85
2024-05-01,NG,287986741.942
2024-05-01,NUC,129945930.0
2024-05-01,OOG,1778854.696
2024-05-01,ORW,352351.794
2024-05-01,OTH,1476976.956
2024-05-01,PC,607421.672
2024-05-01,RFO,916998.482
2024-05-01,SUN,44742793.626
2024-05-01,WND,78511293.88
2024-05-01,WOC,1003031.252
2024-05-01,WOO,107676.056
2024-05-01,WWW,5149920.248
2024-06-01,COL,121375420.984
2024-06-01,DFO,716849.192
2024-06-01,GEO,2403808.0
2024-06-01,HPS,-1157620.0
2024-06-01,HYC,44793139.364
2024-06-01,MLG,2086201.98
2024-06-01,NG,338311723.63
2024-06-01,NUC,136384294.0
2024-06-01,OOG,1881210.656
2024-06-01,ORW,335471.85
2024-06-01,OTH,1388313.274
2024-06-01,PC,777028.84
2024-06-01,RFO,935323.9839999999
2024-06-01,SUN,48918024.156
2024-06-01,WND,77322778.334
2024-06-01,WOC,1301900.494
2024-06-01,WOO,128740.166
2024-06-01,WWW,5361367.282
2024-07-01,COL,141538094.83
2024-07-01,DFO,836775.086
2024-07-01,GEO,2435048.0
2024-07-01,HPS,-1277922.0
2024-07-01,HYC,42767961.89
2024-07-01,MLG,2197408.004
2024-07-01,NG,411917474.922
2024-07-01,NUC,139701504.0
2024-07-01,OOG,1897778.08
2024-07-01,ORW,331146.74
2024-07-01,OTH,1446678.554
2024-07-01,PC,902266.5920000001
2024-07-01,RFO,1020422.7760000001
2024-07-01,SUN,48967534.384
2024-07-01,WND,56608902.268
2024-07-01,WOC,1592621.236
2024-07-01,WOO,136943.342
2024-07-01,WWW,5612643.642
2024-08-01,COL,136624037.892
2024-08-01,DFO,869054.9180000001
2024-08-01,GEO,2454492.0
2024-08-01,HPS,-1596530.0
2024-08-01,HYC,40981162.588
2024-08-01,MLG,2243131.054
2024-08-01,NG,405830821.702
2024-08-01,NUC,139520576.0
2024-08-01,OOG,1821399.25
2024-08-01,ORW,350866.632
2024-08-01,OTH,1363887.444
2024-08-01,PC,863609.164
2024-08-01,RFO,989744.738
2024-08-01,SUN,48656944.73
2024-08-01,WND,58579240.958
2024-08-01,WOC,896896.3640000001
2024-08-01,WOO,126315.36200000001
2024-08-01,WWW,5678197.018
2024-09-01,COL,108403184.466
2024-09-01,DFO,621861.196
2024-09-01,GEO,2402908.0
2024-09-01,HPS,-1274996.0
2024-09-01,HYC,31822684.156
2024-09-01,MLG,2102698.75
2024-09-01,NG,339341814.678
2024-09-01,NUC,125320936.0
2024-09-01,OOG,1672606.456
2024-09-01,ORW,340760.428
2024-09-01,OTH,1237709.8
2024-09-01,PC,471667.476
2024-09-01,RFO,958785.096
2024-09-01,SUN,41076473.776
2024-09-01,WND,58356861.12
2024-09-01,WOC,714119.534
2024-09-01,WOO,97148.704
2024-09-01,WWW,5125919.1
2024-10-01,COL,93028613.938
2024-10-01,DFO,707850.772
2024-10-01,GEO,2522156.0
2024-10-01,HPS,-877346.0
2024-10-01,HYC,30704423.262
2024-10-01,MLG,2110266.652
2024-10-01,NG,293421634.802
2024-10-01,NUC,117546698.0
2024-10-01,OOG,1601413.676
2024-10-01,ORW,373545.344
2024-10-01,OTH,1139140.058
2024-10-01,PC,463010.56
2024-10-01,RFO,1032268.8319999999
2024-10-01,SUN,39655456.638
2024-10-01,WND,79183047.32
2024-10-01,WOC,750778.946
2024-10-01,WOO,117445.724
2024-10-01,WWW,4479832.518
2024-11-01,COL,89175525.61
2024-11-01,DFO,687133.814
2024-11-01,GEO,2634986.0
2024-11-01,HPS,-979090.0
2024-11-01,HYC,33446857.528
2024-11-01,MLG,2066839.742
2024-11-01,NG,275373199.912
2024-11-01,NUC,123808102.0
2024-11-01,OOG,1599756.422
2024-11-01,ORW,359766.804
2024-11-01,OTH,1303506.94
2024-11-01,PC,440008.974
2024-11-01,RFO,943812.674
2024-11-01,SUN,27682645.384
2024-11-01,WND,80266267.094
2024-11-01,WOC,673112.3759999999
2024-11-01,WOO,119221.68
2024-11-01,WWW,5100089.024
2024-12-01,COL,124523545.172
2024-12-01,DFO,1051953.1
2024-12-01,GEO,2786564.0
2024-12-01,HPS,-962574.0
2024-12-01,HYC,39066269.132
2024-12-01,MLG,2091188.802
2024-12-01,NG,295259760.25
2024-12-01,NUC,142400196.0
2024-12-01,OOG,1837727.986
2024-12-01,ORW,383897.67
2024-12-01,OTH,1278586.416
2024-12-01,PC,608050.42
2024-12-01,RFO,1230360.278
2024-12-01,SUN,25201894.428
2024-12-01,WND,79054789.358
2024-12-01,WOC,1077033.364
2024-12-01,WOO,165591.40600000002
2024-12-01,WWW,5529269.694
